id,name,model_id:id,group_id:id,perm_read,perm_write,perm_create,perm_unlink
access_stock_location_tag_user,stock.location.tag user,model_stock_location_tag,stock.group_stock_user,1,0,0,0
access_stock_location_tag_manager,stock.location.tag manager,model_stock_location_tag,stock.group_stock_manager,1,1,1,1
access_stock_location_shape_user,stock.location.shape user,model_stock_location_shape,stock.group_stock_user,1,0,0,0
access_stock_location_shape_manager,stock.location.shape manager,model_stock_location_shape,stock.group_stock_manager,1,1,1,1
